Route_name,Route_link
Delhi to Patiala,https://www.redbus.in/bus-tickets/delhi-to-patiala
Patiala to Delhi,https://www.redbus.in/bus-tickets/patiala-to-delhi
Delhi to Ludhiana,https://www.redbus.in/bus-tickets/delhi-to-ludhiana
Ludhiana to Delhi,https://www.redbus.in/bus-tickets/ludhiana-to-delhi
Jalandhar to Delhi,https://www.redbus.in/bus-tickets/jalandhar-to-delhi
Delhi to Jalandhar,https://www.redbus.in/bus-tickets/delhi-to-jalandhar
Delhi Airport to Patiala,https://www.redbus.in/bus-tickets/delhi-airport-to-patiala
Ludhiana to Delhi Airport,https://www.redbus.in/bus-tickets/ludhiana-to-delhi-airport
Delhi Airport to Ludhiana,https://www.redbus.in/bus-tickets/delhi-airport-to-ludhiana
Jalandhar to Delhi Airport,https://www.redbus.in/bus-tickets/jalandhar-to-delhi-airport
